LZ_Nummer;fach1_id
15622;S02b
1043;Q02
4582;F14
5576;FÜ
7020;S04b
45253;S04a
45254;S04a
7004;F11E
15498;F11E
3404;F01
78471;S01b
78472;S01b
78473;S01b
78474;S01b
3548;S04a
3547;Q01
3549;S02b
3555;S04a
3575;Q01
3574;S02b
3852;Q04
3875;Q04
3876;Q04
3877;Q04
7181;F10
1233;Q04
1232;Q04
1452;S02b
1451;S02b
1704;"F17 "
1700;S02b
1844;S01b
2043;S01b
3492;S03b
15783;S04a
15753;S04a
3782;F13
1086;S01b
1085;S01b
1152;S01b
2371;S03b
18573;S02b
4480;FÜ
4481;FÜ
6984;S04b
12721;S04b
19939;"F03 "
19933;S04b
78503;S04a
78499;F01
3502;S04a
3503;S04a
3530;"Q01 "
3528;Q01
3529;S01b
3527;Q01
5329;"Q01 "
3954;"Q01 "
3631;S01b
3632;S02b
3652;S01b
3648;S01b
956;"Q02 "
955;"Q02 "
70384;S02b
898;F03
899;F03
70389;S01b
3470;"Q01 "
3558;Q01
3559;Q01
3561;Q01
3560;Q01
83209;F19
5328;Q01
5330;S04a
3589;S03b
87793;S02b
12648;F11
12646;F11
12647;F11
87773;S02b
87774;S02b
5853;S01b
12681;FÜ
12682;FÜ
12683;FÜ
5911;S01a
5596;S01b
15402;F08
5309;F08
5992;F08
12767;S03b
15429;FÜ
15430;FÜ
70353;FÜ
70377;S02a
87784;S01b
6953;S04b
6949;S04a
6986;F19
83242;S02b
83243;S02b
3509;S04b
3517;Q01
3543;Q01
3570;Q01
3573;S02b
3939;S04b
3955;Q01
78486;S02b
78488;S02b
83239;S01b
3630;S01b
3629;S01b
3637;S02b
3644;F11H
3651;F11H
3649;S01b
3885;S03b
8728;F09
15125;F12
15126;F12
15127;F12
15124;F12
10444;F12
15129;F12
12636;F12
15128;F12
45260;Q10
8887;F17
8889;F17
8894;S02b
8895;S02b
8896;S02b
8898;S02b
8899;S02b
8945;F09
8948;F09
10309;S02b
45304;S02b
45305;S02b
9099;F11M
9098;F11M
15031;S02b
10314;F11R
14914;F11R
10313;F11R
12780;F11E
8958;F11E
12782;F11E
14947;FÜ
14949;FÜ
14948;FÜ
14928;F01
14929;F01
14930;F01
14931;F01
14932;F01
14933;F01
79791;F11M
8833;F10
10251;F10
8834;F10
12745;F15
20147;F10
8966;F10
9008;Q04
8755;Q03
12752;F11P
10365;F11P
10362;F11P
10371;F11P
10373;F11P
10372;F11P
10370;F11P
10380;F02
10383;F02
10381;F02
10379;F02
14954;FÜ
14975;FÜ
14955;FÜ
12630;F01
12631;F01
12770;F01
12628;F01
12629;F01
12632;F01
87798;F17
92395;F10
94660;F10
92394;F01
12790;F11H
12791;F11H
8691;F05V
15518;F11H
15519;F11H
15520;F11H
15521;F11H
15517;F11H
15582;F11H
15583;F11H
15586;F11M
15509;F21
15510;F21
15511;F21
15512;F21
15508;F11H
14962;FÜ
15233;FÜ
14960;FÜ
20171;FÜ
15590;F11H
15591;F11H
15536;F11H
15538;F11H
15540;F11H
15542;F11H
15534;F11H
14934;F01
14935;F01
14936;F01
14937;F01
14938;F01
14939;F01
8640;Q14
14917;F18
14916;F18
8793;S04a
15011;Q14
15005;Q14
15004;Q14
8993;F18
14996;F18
61993;"F19 "
10007;F19
8995;F19
14997;F19
10004;F18
14967;FÜ
14940;F01
14941;F01
14942;F01
14943;F01
14944;F01
14945;F01
45275;F19
83085;Q09
83090;S02b
1706;"F17 "
7392;F17
6665;S02b
6666;S02b
15607;F07
38009;F07
15500;F11E
15499;F11E
15967;F12
15248;F14
19851;Q08
19827;F02
19085;F19
19086;F19
7128;Q04
3853;Q04
3854;Q04
3874;Q04
3518;Q01
3519;Q01
37343;S01b
841;Q10
92385;F01
83247;F18
12669;FÜ
12670;FÜ
12672;FÜ
12673;FÜ
12674;FÜ
15488;S01b
15425;FÜ
15426;FÜ
15427;FÜ
12689;FÜ
12691;FÜ
12690;FÜ
70365;FÜ
102131;F12
87780;S01b
19960;S02b
14923;F09
711;S02a
1014;S02b
87781;S01b
102144;F12
3499;Q01
3539;Q01
97634;F01
4507;S03b
37550;F02
37510;F02
37511;F02
37513;F02
37549;F11K
19603;F11K
19604;F11K
19707;F11P
19708;F11P
19709;F11P
19259;F11M
62128;F11M
26143;F11M
26144;F11M
26145;F11M
26146;F11M
37577;F05V
26140;F05V
26141;F05V
26142;F05V
37588;F11M
19621;F11M
19622;F11M
19623;F11M
97622;F01
87797;F17
87799;F01
87800;F17
87801;F17
92386;F01
19822;F02
19823;F02
15391;F02
45114;Q11
3584;S03b
5567;S03b
83207;Q01
102162;Q01
3957;FÜ
97621;F17
33043;F18
32783;S04a
97314;F15
32910;FÜ
92471;Z03
32925;F08
68482;F08
68473;F08
68483;F08
68485;F08
33917;F08
68479;F08
68475;F08
68477;F08
68478;F08
33912;F08
68491;F08
68487;F08
68489;F08
68492;F08
44583;F12
68453;F12
68454;F12
68456;F12
68457;F12
68458;F12
62222;F12
68459;F12
68460;F12
68461;F12
68465;F07
68466;F07
68467;F07
68468;F21
68469;F21
68470;F21
68462;F07
68463;F07
68464;F07
68480;F11G
68481;F11G
68484;F11G
62342;Q13
68486;Q13
68488;Q13
68490;Q13
68472;F02
68474;F02
68476;F02
102159;Q01
3537;Q01
3541;Q01
3563;Q01
102164;Q01
102165;Q01
3567;Q01
3566;Q01
839;Q10
4446;Q08
62328;F07
62329;F07
68444;F07
68445;F07
68446;F07
62041;F07
44252;F07
68448;F07
68449;F07
44248;F12
68450;F12
68451;F12
68452;F12
5977;S01b
5978;S01b
19909;S01b
37408;S01b
78489;S01b
15486;S01b
5960;F14
7445;F14
7447;F14
5958;F14
7448;F14
6144;F14
5962;F14
7444;F14
4975;F14
5969;F14
4977;F14
4979;F14
5967;F14
19910;Q11
19911;Q11
19912;Q11
19913;Q11
19914;Q11
5023;S01b
6056;S01b
6057;S01b
61985;F01
6058;F14
6060;F14
5851;S01b
5854;S01b
19908;F14
87753;S01b
62482;S01b
19894;F08A
15561;S03b
6003;S03b
15562;S03b
15563;S03b
7469;S03b
5837;F14
15533;S03b
15535;S03b
15537;S03b
15551;S03b
15552;S03b
15553;S03b
15522;S03b
15523;S03b
15524;S03b
15525;S03b
15547;S03b
15548;S03b
15549;S03b
15550;S03b
5141;S02b
5126;S02b
5132;S02b
5433;S01b
60420;S03b
60421;S03b
5158;S02b
5159;F01
5160;F16
5972;F14
5973;F14
5974;F14
5841;F14
5843;F14
7438;F14
7439;F14
7456;F16
7440;F14
7441;F14
7458;F16
45269;S02b
45270;S02b
5888;"F17 "
6061;F14
6062;F14
6064;F14
7451;F14
6063;F14
7442;F14
7443;F14
7459;F16
6102;S01a
6103;S01a
6104;Q11
15554;S03b
15555;S03b
15556;S03b
15557;S03b
15543;S03b
19896;S03b
15544;S03b
15545;S03b
15546;S03b
5430;F18
7457;F18
19897;F16
70373;F18
5994;F18
87955;F18
5598;S01b
5452;S04a
5599;F18
5611;S01b
20164;S01b
20165;S01b
61986;S01b
5623;S03b
15532;S03b
5625;S03b
5626;S03b
5867;F14
5868;F14
5869;F14
5870;F14
12764;S01b
6053;S01b
6054;S01b
6055;S01b
80175;F17
6098;F18
6099;F17
6101;F18
102122;F12
102123;F12
102124;F12
102125;F12
102126;F12
102127;F12
87763;S01b
6013;F08
5985;F08
4814;F08
5984;F08
6016;F08
8538;F08
6020;F08
5822;F08
5824;F08
5829;F08
5592;S01b
5593;S01b
4757;S01b
4772;S01b
5243;S01b
5320;S01b
4775;S01b
4778;S01b
4780;S01b
4779;S01b
19093;S01b
19094;S01b
20027;S01b
4784;S01a
4785;S01b
4786;S01b
8537;S01b
4791;S01b
4792;S01b
5982;S01b
4801;S01b
7434;F04
7435;F04
7436;F04
6115;F04
6114;F04
6118;F04
6117;F04
5989;F08
5990;F08
5991;F08
6032;F04
6033;F04
6029;F04
4815;F04
4817;F04
5998;F04
5999;F04
7398;F04
5894;S03b
5895;S03b
5896;S03b
6077;F08
70380;S03b
87788;S03b
12766;S03b
5889;S03b
8539;S03b
5897;S03b
5890;S03b
5892;S03b
62025;S03b
5810;F08
5912;S01a
5814;F08
5265;F08
70394;F08
70399;F08
5264;F08
5818;F08
87791;S01b
5815;S01b
6079;S01b
5817;F08
87778;S01b
87779;S01b
5595;S01b
5594;S01b
5906;S03b
5907;S03b
46570;S03b
46571;S03b
46572;S03b
70382;S03b
70383;S03b
5799;S01b
5630;S01b
5633;S01b
5995;F04
8545;F04
5798;F04
5996;F04
5797;F04
45252;Q09
5803;Q09
5804;S02b
6086;S02b
5861;S01b
5862;S01b
7341;S01b
7342;F08
5863;S01b
5864;S01b
5865;S01b
87790;S03b
6514;S03b
6520;S03b
6521;S03b
45241;F08
45242;F08
8536;S01a
5801;S01b
87775;F08
87776;F08
87777;S01b
88357;F08
88358;S03b
88359;S01b
87787;S03b
6513;S03b
6515;S03b
1732;S01a
1734;S01a
1735;S01a
1736;S01a
1456;S02b
1454;S02b
1885;Q08
1911;Q08
1937;S01a
1939;S01a
37160;"F06 "
1883;F06
1447;S02b
1445;S02b
1443;S02b
92462;S02b
10471;S02b
1489;S02b
1490;S02b
1717;S02b
1888;S02b
1587;S03b
1592;S03b
2225;S03b
1605;S01b
1606;S03b
1607;S01b
1594;F06
1598;F06
33980;S01b
1644;S01b
1645;S01b
97363;S01b
1647;S01b
1648;S01b
1649;S01b
1677;S01b
1752;F06
70342;F06
1753;F06
6142;F06
1748;F06
7463;F06
7466;F06
1679;F06
1750;F06
7460;F06
1751;F06
6141;F06
37165;F06
37333;F10B
37334;F06
1680;F06
1744;F10B
1745;F10B
10477;F10B
1693;F06
6138;F06
1758;F06
6139;F06
1681;F06
1756;F06
1757;F06
6137;F06
2148;F10C
2149;F10C
7461;F06
7462;F06
1878;F06
1683;F06
1749;F06
1684;F06
1813;F06
1879;F06
2767;F06
37164;F06
37331;F06
37332;F06
1685;F06
78485;F06
1686;F06
1754;F06
1687;F10C
2443;F10C
2440;F10C
1741;F10
37161;F06
37162;F06
37163;F06
7431;F06
7432;F06
1691;F06
1692;F06
1783;S03b
7353;S03b
7422;S03b
7423;S03b
92491;F17
83084;Q09
2240;F17
1893;F06
1892;F06
1719;F10B
1721;F10B
1720;F10B
1723;F10
1724;F10
1725;F06
1726;F10B
1728;F06
1765;S01b
1976;S01b
2218;S01b
19870;S01b
19872;S01b
1773;S01b
1774;S01b
1775;S01b
102128;F12
102129;F12
102130;F12
102132;F12
102133;F12
102134;F12
102135;F12
102136;F12
102137;F12
2688;S01b
1434;S01b
10349;S01b
10348;S01b
10346;S01b
1889;F05U
1913;F05U
1915;F05U
1945;S03b
2119;S03b
10472;S03b
1908;S01b
1909;S01b
1910;S01b
1912;S01b
1481;F15
2183;F15
2186;"F14 "
2191;S03b
2624;S01b
7491;S01b
7492;F15
7493;F15
2777;S03b
2778;S03b
2144;F14
2141;F14
2140;F14
2142;F14
1668;S01b
1901;S01b
1902;S01b
10460;S01b
10461;S01b
2086;S03b
1552;S02b
7360;F13
1715;F11E
1713;F13
1651;S02b
1811;S02b
8423;S02b
1805;F11E
1707;F11E
7345;F11E
10459;S02b
1843;S02b
1842;S02b
1973;S01b
1974;S01b
7488;F05U
1850;F05U
1851;F05U
19856;S03b
37262;S01b
37426;S01b
1868;S01b
1872;S01b
45083;S01b
10430;S03b
10431;S03b
7490;S03b
45092;S03b
1642;S03b
2133;S03b
2136;S03b
2137;S03b
70340;S03b
2126;S03b
2574;S03b
3325;S03b
5875;S03b
20140;S03b
45078;S03b
45079;S03b
19861;S03b
19862;S03b
83081;F11E
1585;Q10
1812;Q10
19812;Q10
1661;S01a
39991;S01a
92446;S03b
92447;S03b
1788;S03b
92450;S03b
1790;S03b
1949;S03b
1860;S03b
7412;S03b
7386;S03b
1861;S03b
1867;S03b
92452;S03b
92453;S03b
7408;S03b
7411;S03b
7410;S03b
7413;S03b
45178;S01b
2089;S03b
2093;S03b
10449;S03b
70341;S03b
10437;S03b
10438;S03b
10470;S03b
1923;Q12
10429;Q12
12668;Q12
1920;Q12
1922;Q12
2323;Q12
2402;Q12
2324;Q12
12663;S03b
19886;S03b
19900;S03b
19901;S03b
19902;S03b
45077;S03b
19857;S03b
19859;S03b
19860;S03b
19858;S03b
19903;F15
19905;F15
19904;F15
19921;F15
10417;F15
19899;F15
19879;F15
19898;F15
1871;S01b
83080;F01
32680;F18
68494;F18
68496;F18
62198;F18
62199;F18
62200;F18
62201;F18
68493;F18
68499;F18
68501;F18
33000;F18
32961;F18
32786;F19
32863;F19
32787;F19
32858;F03
32859;F03
32891;F03
32892;F03
32902;F18
32904;F18
32905;F18
37460;F18
37489;F18
37488;F18
37568;F19
37570;F19
37571;F18
32918;F18
33938;F18
68516;F18
68519;F18
62188;F18
62189;F18
62190;F18
62191;F18
68515;F18
68517;F18
68518;F18
32794;FÜ
32975;FÜ
32793;FÜ
32796;FÜ
32797;FÜ
32908;FÜ
32911;FÜ
32889;F18
32994;F18
32887;F18
32890;F18
33944;F18
68508;F18
68514;F18
32840;F14
62192;F18
62193;F18
62194;F18
62195;F18
62196;F18
62197;F18
68510;F18
68512;F18
68513;F18
33086;D1
33082;F18
109691;F14
45061;F18
32986;F18
33883;F18
32933;F18
32936;Q09
45062;F18
45251;F18
32771;F18
45063;F18
32819;F18
32816;F18
32818;F18
32767;F18
32766;F18
33128;F18
33895;F18
32907;F18
32909;F18
32900;F18
78495;F18
32843;F17
32844;F17
32848;Q09
33106;F19
32978;F19
32976;F19
44770;F19
44771;F19
44772;F19
62187;F18
32780;S04a
32781;S04a
32782;S04a
32784;S04a
44163;Q11
44164;"F16 "
44787;F16
33875;F19
37490;Q09
37493;Q09
37492;Q09
37494;Q09
45117;F18
45115;F18
45116;F18
45119;F12
45118;F12
45120;F12
44782;S04a
44785;S04a
45126;F19
45127;F19
45128;F19
45084;F18
45085;F18
45086;F18
45087;F18
45089;F18
45090;F18
45192;F18
45193;F18
45194;F18
45195;F18
45196;F18
45197;F18
45095;F19
33048;F05N
45220;D1
45198;F05N
32693;F05N
45200;F14
37487;F14
32378;Q11
32379;Q11
45105;F14
45106;F14
32512;F14
45212;F14
32984;F14
32581;F14
32583;F14
32585;F14
45100;F14
32522;S03b
32735;S03b
32524;S03b
32736;S03b
32525;S03b
32987;F14
45219;F14
45221;F05N
33049;F05N
32479;F05N
45222;F14
45223;F05N
45235;F05N
32410;F14
32416;F14
62175;F14
62176;F14
62177;F14
62178;F14
68495;F14
68497;F14
68498;F14
68500;F14
32421;F14
32426;F14
62179;F14
62180;F14
62181;F14
62182;F14
68502;F14
68503;F14
68504;F14
68505;F14
32436;F14
32431;F14
62183;F14
62184;F14
62185;F14
62186;F14
68506;F14
68507;F14
68509;F14
68511;F14
45224;F14
45225;F14
45226;F14
45228;F14
32567;F14
45227;F14
45236;F12
32495;F12
32596;F12
45232;F14
45233;F14
45248;F14
32861;F14
32484;F14
32862;F14
45229;F14
45234;F14
32670;F14
32853;S03b
45238;F14
32673;F14
32555;F14
45237;F14
32542;F14
32441;F05N
62168;F05N
62169;F05N
62170;F05N
62171;F05N
62172;F05N
62173;F05N
45239;"F21 "
32624;F21
32874;"F16 "
32875;F16
45199;F14
45249;F14
32740;F14
32532;F02
32739;F16
32737;F14
32744;S03b
45240;F08A
32577;F08A
32579;F08A
32528;S03b
45230;F14
45247;F14
32529;S03b
32530;S03b
32963;FÜ
32964;FÜ
32965;FÜ
83211;FÜ
83212;FÜ
32576;"Q09 "
32575;F17
32981;F17
32574;F17
32980;F17
32884;F17
45285;F14
45190;F14
45191;F14
45286;F14
45287;F14
44936;F05N
44937;F05N
44939;F05N
45045;F05N
45046;F05N
45202;F05G
45203;F05G
45204;F05G
45205;F14
45214;F12
45215;F12
45216;F12
45217;F12
45218;F12
19101;F16
19102;F16
19103;F16
19191;Q12
19192;Q12
19193;Q12
20031;F05N
20032;F05N
20033;F05N
20014;F05U
19157;F05U
20012;F05U
19161;F05U
19160;F05U
19159;F05U
20013;F05U
19170;F05U
19162;F05U
20016;F05U
20017;F05U
94659;F05U
19999;F05U
20000;F05U
20018;F05U
20015;F11R
19409;F11R
19142;F11R
20002;F05U
20003;F05U
20004;F05U
20005;F05U
19105;Q11
19104;F01
45113;Q11
19106;Q11
19107;Q11
19108;Q11
19178;S03b
19811;S03b
62042;S03b
19440;S03b
19441;S03b
19495;S03b
19492;S03b
19494;"F15 "
19493;F05U
62043;S03b
62045;S03b
62044;S03b
20010;F15
20011;F15
19777;F15
19381;F11R
19206;F11R
20035;F11R
19973;F15
19974;F15
19975;F15
19977;F15
19990;F15
19136;F15
20009;F15
20022;F15
19462;F11G
19179;F11G
19360;F11G
19139;F11G
19991;F15
83215;F05U
83216;F05U
83217;F05U
19979;F05U
19410;F11R
19411;F11R
19172;F05U
19173;F05U
19174;F05U
19584;F05U
19198;F11A
19305;F11A
19200;Q09
61992;Q09
19332;Q09
19334;Q09
19335;Q12
20138;Q09
20139;Q09
19347;Q12
19348;Q12
19349;F03
20208;F03
20209;F03
19346;Q12
19383;S02b
19385;S02b
19386;S02b
19480;S02b
19240;F05K
19245;F05K
20137;F12
37611;F11R
37615;F11R
62148;F11R
62149;F11R
62150;F11R
62151;F11R
37612;F11R
37613;F11R
37614;F11R
37596;F11A
62133;F11A
62135;F11A
62136;F11A
62137;F11A
62138;F11A
62139;F11A
83218;F05U
37606;F05U
19327;F05U
62140;F05U
62141;F05U
62142;F05U
62143;F05U
19328;F05U
19329;F05U
19330;F05U
37605;F15
19715;F15
62144;F15
62145;F15
62146;F15
62147;F15
19714;F15
19713;F15
19712;F15
45180;F05K
45094;Q12
45314;Q12
45098;F11G
45099;F11G
45107;F05U
45108;F05U
45109;F05U
70400;F05U
70401;F05U
70402;F05U
70403;F05U
70404;F05
83214;F15
62317;F15
62318;F15
62319;F15
10012;S01b
24012;S01b
10014;S01b
24013;"F02 "
92464;F02
8980;F18
8977;F18
8641;Q09
24016;Q09
8818;Q14
8819;Q14
8820;Q14
8814;Q02
45261;Q02
8836;F18
8837;F18
8976;F18
24008;S04a
63475;S04a
12715;S01b
14981;S01b
37450;S01b
37423;S01b
8984;F19
8718;S04a
8719;S04a
92467;F19
10009;Q14
10010;Q14
10482;Q14
78480;Q14
15008;Q14
15009;Q14
15010;Q14
15012;Q14
15013;Q14
15000;Q14
15001;Q14
15002;Q14
15003;Q14
15006;Q14
14999;Q14
14993;F18
14995;F18
14994;F18
15284;F18
8761;F18
8762;F18
8765;Q14
8766;S01b
8772;S01b
8773;S01b
15023;F18
15020;F18
83246;F01
10340;F18
8996;S03b
8998;S03b
8999;S03b
15337;S01b
8911;S01b
8912;S01b
10423;S02b
61994;F19
8990;F19
14998;F19
8991;F19
10006;F18
10327;Q14
24014;Q14
10329;Q14
8797;F19
8798;F19
8800;F19
8803;F19
8806;F19
10255;F19
8779;F19
8785;F19
8839;F17
8841;F17
8962;Q14
8963;Q14
8964;F03
12694;Q14
12722;Q13
9006;Q14
9007;Q14
14969;FÜ
14968;FÜ
45276;F19
45277;F19
45278;F19
45279;F19
92463;Q14
92465;Q14
92466;Q14
92468;F19
92469;F19
92470;F19
92454;F11R
92455;F11R
92456;F11R
14964;FÜ
14966;FÜ
92473;F09
8729;F09
8732;F09
9077;F11R
9079;F11R
9080;F11R
9081;F11R
14908;F11R
14909;F11R
92416;S02b
9076;S02b
15568;S02b
15569;S02b
15358;F12
8880;F11E
8881;F11E
12776;F11E
12777;F11E
12778;F11E
92472;S02b
8858;F11E
8859;F09
9013;F09
45258;S02b
45259;S02b
9084;Q04
9085;Q04
9088;Q04
9090;F11R
45146;F11E
45147;F11E
45148;F11E
45149;F11E
8674;"F13 "
37451;F13
10258;F13
9116;F13
92442;Q09
92443;Q09
8722;F09
8723;F09
92417;F09
8725;F09
8724;F09
8727;F09
92418;F09
92419;F09
92420;F09
92421;F09
8913;Q04
8915;Q04
8916;Q04
92441;F11H
8747;F11H
8750;F11H
8917;F11H
8759;F13
8760;F13
15014;F13
92415;S02b
10310;S02b
10311;S02b
8787;F13
12797;F13
15158;F13
15580;F13
8940;F11M
8941;F11M
92474;S02b
45271;S02b
45272;S02b
45273;S02b
8870;F13
8875;F13
8873;F13
14911;F11R
14912;F11R
14913;F11R
14915;F11R
14910;F11R
12781;F11E
8961;F11E
12785;F11E
12786;F11E
12787;F11E
10263;F11E
92411;F01
92414;F01
45298;Q04
45300;Q04
45301;Q04
8943;F12
92435;F11R
92436;F11R
92438;F11R
92439;F11R
92440;F11R
92437;F11R
92457;F11H
92458;F11H
92460;F11H
70372;F02
92426;F11H
92427;F11H
92428;F11H
92429;F11H
102177;F06
92477;F06
92478;F06
92479;F06
92381;F16
92382;F16
9118;F10C
9124;F10C
9119;F10C
8552;F10B
20144;F10B
20146;F10B
9126;F11P
12758;F11P
9129;F11P
12759;F11P
9128;F11P
9127;F11P
12760;F11P
8550;F15
12744;F15
20034;F15
14985;F10A
14986;F10A
8829;F10
12765;F10B
8577;F10B
8576;F10
9096;F10B
9095;F10B
9094;F14
87802;F10C
8965;F10C
8967;Q04
8968;F11P
12728;F11P
8969;F17
9026;F11M
9023;F11M
9024;F11M
12762;F11M
9025;F11M
9027;F11M
12763;F11M
12761;F11M
9014;F10C
9015;F10C
9017;F10C
12729;F10C
9018;F10C
9101;F10C
9102;F10C
12768;F10C
9100;F10C
12769;F10C
9009;F10C
12748;F10B
9010;F10B
9011;F10B
9012;F10B
9029;F10C
12730;F10C
9030;F10C
12731;F10C
12732;F10C
9111;F01
12725;Q09
9110;Q09
9109;Q09
8586;S02b
8588;S02b
9068;S02b
20145;S02b
20162;S02b
8928;F10B
8929;S02b
8930;S02b
8931;F10B
8592;S02b
8594;Q04
8597;Q04
8753;Q10
8745;Q10
8749;Q03
14983;F10A
14984;F10A
8933;F10
10361;F11P
10359;F11P
10360;F11P
12750;F11P
10363;F11P
10364;F11P
10358;F11P
37616;F17
37617;F17
37618;Q09
10259;F10B
10260;F10B
10262;F10B
10261;F10B
10369;F11P
10367;F11P
10368;F11P
12753;F11P
10366;F11P
12757;F02
10378;F02
12756;F02
10376;F02
10377;F02
10374;F02
10382;F02
92408;F01
92409;F01
92410;F01
24009;F17
24010;F17
24011;F17
97620;F17
97623;F17
92383;F17
92384;F17
92397;F10A
92398;F10A
92400;F10A
92401;F10A
92402;F10A
92403;F10A
92404;F10A
92406;F10A
92407;F10A
92387;F10B
92388;F10B
92389;F10B
92390;F10B
92391;F10B
92392;F10B
8811;F10C
8812;F10C
8813;F10C
8556;S01b
8557;S01b
8558;S01b
19907;S01b
8951;F01
8952;"Q04 "
8953;Q04
8954;Q04
8560;Q11
8562;Q11
8561;Q11
12792;F11H
12793;F11P
12794;Q11
12796;F11P
8632;S02b
8634;S02b
8635;S02b
8602;S02b
8603;S02b
8604;S02b
8651;F13
8652;F13
8654;F17
8655;F17
8658;F17
8656;F17
8664;Q01
8665;Q10
8666;Q10
8667;Q10
8605;Q11
8616;F16
8606;F16
8615;F16
8608;F09
8609;F09
8610;F09
8612;F09
15478;F11H
15479;F11H
8850;F16
8851;F16
8852;F16
8865;F16
8866;F16
37452;F16
37455;F16
37456;F16
37457;F16
8853;F11M
8854;F11M
8855;F16
8857;F16
8863;F16
8864;F16
8689;F05V
8692;F05V
92376;F05V
10308;F11H
15516;F15
10307;F11H
10306;F11H
8698;"F19 "
8843;F19
8849;F19
8848;F19
8844;F19
15584;F11M
15585;F11M
15587;F11M
15588;F11M
14977;F11H
14978;F11H
14979;F11H
14976;F11H
10026;F17
10028;F17
15592;F11H
15593;F11H
15594;F11H
15595;F11H
15529;F11H
15530;F11H
15531;F11H
15528;F11H
92444;S01a
92445;S01a
92431;Z04
92432;Z04
92433;Z04
92430;F01
92480;F11H
92481;F11H
92482;F11H
92483;F11H
92475;F11H
92476;F11H
92492;F16
92493;F16
92422;Z03
92423;Z03
92424;Z03
92425;F01
15750;D1
15752;S04a
83226;S04a
975;"Q01 "
4448;F01
2424;Q08
4450;Q08
4451;Q08
5637;Q08
2430;Q08
2429;Q08
825;S03b
803;S03b
800;S03b
45097;S03b
799;S03b
967;"F20 "
969;F20
968;F20
805;S03b
7426;S01a
7425;S01a
804;S02b
15230;S01a
810;S03b
809;S03b
814;S03b
811;S03b
815;"F10 "
5755;F10
10424;Q06
828;S03b
7396;S03b
3195;S03b
4436;F10
3198;F10
835;F10
833;F10
15231;Q10
842;Q10
845;S04a
843;S04a
847;"F19 "
846;S04a
844;S04a
3153;FÜ
849;F19
853;F19
5675;F19
852;F19
854;F14
862;F14
861;F14
858;F14
860;F14
864;Q08
37523;Q08
867;Q08
19895;Q08
869;Q08
868;Q08
870;Q08
888;S04b
886;S04a
885;S04a
887;F01
4431;S04b
893;S04b
894;S04b
60531;S04b
7357;S04b
882;S01b
8061;Q08
881;"F14 "
900;"F03 "
5728;F03
33873;F03
15596;F03
902;F03
901;F03
2415;Q08
2416;Q08
2417;Q08
2418;Q08
4430;Q08
2420;Q08
5791;Q08
2422;Q08
2421;Q08
906;FÜ
70343;FÜ
903;FÜ
4454;Q08
2409;Q08
2410;Q08
2336;Q08
2411;Q08
2413;Q08
2414;Q08
2412;Q08
4442;Q08
1072;Q08
1075;Q08
4443;Q08
2403;Q08
1077;Q08
4429;Q08
4444;Q08
4445;Q08
2331;Q08
4447;F20
2328;Q08
2404;Q08
2405;Q08
2407;Q08
2406;Q08
948;"Z02 "
947;Z02
949;Q02
943;"Q02 "
944;Q02
945;Q02
7356;S04b
953;S04b
954;S04b
958;S04a
957;S04a
963;Q01
962;Q01
19865;S01b
19866;S01b
19867;S01b
19889;S02b
19890;S02b
19891;S02b
19887;S02b
45187;S02b
19742;S02a
19741;S02a
32982;S02a
44892;S01b
44891;S01b
70366;"T01 "
70367;T01
70368;T01
1314;S02a
1315;S02a
3930;S02a
1316;S02a
1317;S02a
1313;S02b
1312;F12
1311;F12
1310;S02b
1301;S02a
1299;S02a
1300;S02a
1302;S02a
1303;S02a
14918;F12
14919;F12
14920;F12
14921;F12
3772;FÜ
1297;FÜ
102192;S02a
102193;S02a
3787;S02b
3784;S02b
1277;F11E
1276;F11E
6636;F11E
6637;S02b
1279;F11
6641;S02b
6640;S02b
6638;S02b
70375;S02b
1258;F11E
1256;F11E
7494;F11E
1263;S02b
1262;S02b
1264;S02b
19868;S02b
19955;S02b
19959;S02b
1254;F13
1253;F13
1252;F13
70345;FÜ
3779;FÜ
3780;FÜ
3777;FÜ
70347;FÜ
70346;FÜ
1241;S02b
6661;S02b
6660;S02b
6669;S02b
1238;S02a
1239;S02a
1246;S02b
1248;S02b
1250;S02b
1249;S02b
1247;S02b
102155;S02b
102156;S02b
15621;S02b
1393;S02b
1395;S02b
1397;S02b
1394;S02b
19951;S02b
19952;S02b
19953;S02b
6567;S02a
3710;S02a
6671;S02a
3708;S02a
3711;S02a
1352;S02b
1353;S02b
1354;S02b
1356;S02b
1357;S02b
19954;S02b
1350;S02b
6579;S02b
6672;S02b
7472;S02b
3762;F11E
3761;F11E
3763;S02b
3749;S02b
3747;S02b
45280;S02b
3745;S02b
1325;S02b
60761;S02b
62055;S02b
1329;S02b
1332;S02b
1328;S02b
7473;F13
1337;S02b
1336;S02b
1335;S02b
1344;F17
1342;F17
1341;F17
1340;F17
1347;F12
6581;F12
8543;F12
6566;S03a
111111;F11
111112;S02b
1370;FÜ
1369;FÜ
1368;FÜ
1372;S02a
1371;S02a
1374;S02a
1373;S02a
1376;S02a
1377;S02a
1378;S02b
1381;S02b
1380;S02b
1379;S02b
6537;S03a
1409;F09
1406;S03a
3975;F09
14922;F09
14924;Q02
14926;Q02
14927;Q02
70376;S02a
70378;S02a
70379;S02a
1042;"Q02 "
1041;Q02
1044;Q02
1388;F10C
1387;F10C
1386;F10C
45282;F12
15497;F12
688;S02b
689;S02b
690;S02b
6746;S02b
4463;S02b
19957;S02b
19958;S02b
20023;S02b
39989;F11N
39990;F11N
692;S01b
693;S01b
15134;S01b
697;S01b
698;S01b
699;S01b
700;F17
6754;F12
703;F12
704;F12
706;S02b
7464;S02b
705;S02b
19980;S02b
19981;S02b
102194;S02a
710;S02a
712;S02a
713;S02a
715;S02b
716;S02a
20161;S02a
721;S03b
6771;F10
724;S03a
726;S03a
15570;S03a
37428;S03a
725;S03a
727;S03a
729;S03b
732;S03b
733;S03b
734;S03b
6781;F10C
6782;F10C
739;F10B
741;F10C
742;F10C
745;F12
746;F12
747;F10B
752;F12
754;S03b
768;S03b
769;S03b
770;S03b
771;S02b
773;S02b
4464;S02b
775;S01b
777;S01b
778;S01b
780;S03a
781;S03a
782;"F09 "
4514;S03a
4515;S03a
779;S03a
784;S03a
785;S02a
786;S02a
787;S02a
788;S02a
789;S02a
790;S02a
793;S03a
794;S03a
15029;S03a
6827;S03a
1001;F12
1000;F12
999;S02b
998;S02b
4522;S02b
6736;F12
97364;S02b
1006;S02b
1003;F12
102195;S02b
1418;S02b
6732;S02b
1008;S02b
4465;S02b
102196;S02b
1015;S02b
1013;S02b
6839;S02b
4466;S02b
1270;S02b
1020;S02b
1019;S02b
1018;S02b
1017;S02b
1016;S02b
7475;S02b
1029;S02b
1026;S02b
4467;S02b
4521;S02b
37433;S02b
1025;S02b
1021;S02b
37442;F09
1031;S02b
6838;F09
37443;F09
6717;S03a
6716;S02b
1037;S02b
6714;S02b
1039;S02b
6833;S02b
4518;S02b
14899;S02b
14900;S02b
14901;"F17 "
19982;S02b
19983;S02b
1061;S02b
1063;F17
19984;S02b
19985;S02b
15494;S03a
1068;F12
15490;S03a
19970;F09
15491;F09
1069;S03a
1529;FÜ
1531;FÜ
102186;F01
1499;FÜ
1500;FÜ
1501;FÜ
1502;FÜ
1497;FÜ
1496;FÜ
14902;S02b
62344;S02b
62345;S02b
62346;F17
37524;F10A
37525;F10A
37527;F10A
37526;F10
37528;F10
78481;F10
1104;S02b
1105;S02b
1107;S02b
1106;S02b
719;F01
6768;S01b
20547;S01b
1147;F17
1146;F17
1145;F17
1144;F17
2014;S01b
2015;S01b
2016;S01b
87782;S01b
87783;S01b
83219;F14
80176;F14
1089;F14
1093;S01b
1090;S01a
1095;S01b
1094;S01b
1098;S01b
1097;S01b
20227;S01b
20228;S01b
1102;S01b
1101;S01b
20229;S01b
1100;S01b
6905;S02b
1111;S02b
1113;S02b
1114;S02b
6760;S02b
1117;Z02
1115;S02b
4579;S02b
6942;S02b
1119;S02b
1118;S02b
6894;S02b
1140;S03a
1139;S03a
1142;S03a
1148;S01b
1149;S01b
1150;S01b
1151;S01b
1158;S02b
1157;S02b
4578;S02b
1156;S02b
1161;F14
1160;F14
1159;F14
1164;S03b
1165;S03b
1166;S03b
1167;S01b
1169;S01b
1172;S02b
1173;S02b
1171;S02b
1174;S02b
70393;S02b
1180;S03b
1178;S03b
1177;S03b
1184;S02b
1183;S02b
20150;S02b
1197;S02b
1196;S02b
1227;S01b
20149;S01b
20151;S01b
20152;S02b
1199;F11E
1221;F11E
1223;F11E
1225;F11
1791;FÜ
1792;FÜ
1793;FÜ
4459;FÜ
1798;FÜ
1801;FÜ
70390;S02b
70391;S02b
70392;S02b
20153;Q08
20154;Q08
19651;Q08
37573;F11P
37565;F11P
37564;F11P
37481;F11P
19482;F11P
19750;F11P
19483;F11P
19484;F11P
72410;F11P
72411;F11P
19251;F11P
19638;Q09
19448;F19
19254;F11P
19252;Q12
19253;Q09
32404;F11P
19513;S02b
19271;F11K
37465;F11K
20167;F11K
37466;F11K
19780;F11P
19662;F16
19746;S03b
19595;S03b
106660;F16
19639;S03b
37484;F11P
20224;F11P
19263;F11P
19261;F11P
19653;F11P
19745;F11P
37502;F11K
37538;F05H
37539;F05H
37540;F05H
37541;F05H
19390;"Q11 "
19391;Q11
19392;Q11
37472;F11P
19658;F11P
19753;F11P
19659;F11P
37623;Q09
37624;Q09
37625;F11K
37626;F11K
37627;F11K
19401;F11K
19660;F11K
19402;F11K
19407;F11K
19661;F11K
19758;F16
19754;Q11
19515;F16
19757;F11P
19755;F11
19695;F11P
19450;Q12
19451;Q12
19452;Q12
32775;F11K
32621;F11K
19772;F05H
32776;F11K
19552;Q09
19553;Q09
19554;Q09
19834;F02
81691;F02
37505;F02
62110;F02
62111;F02
62112;F02
62113;F02
19512;S02b
19729;F11K
19459;F11K
19458;F11K
19460;F11K
32777;F05T
19646;F05T
19648;F05T
19744;F05T
19655;S03b
19657;S03b
19784;F01
24395;F12
19668;F05H
32622;F05H
37548;F11K
62106;F11K
62107;F11K
62108;F11K
62109;F11K
19605;F11K
19690;S01b
19691;F01
19692;F03
19702;F11P
62102;F11P
62103;F11P
62104;F11P
62105;F11P
19710;F11P
37514;F11K
20199;F11K
20211;F11K
20200;F11K
20201;F11K
20202;F11K
20203;F11K
20210;F11
45137;F16
45138;F16
45139;F05T
45155;Q09
62308;F11K
62309;F11K
62310;F17
45306;F11K
45307;F11K
45308;F11K
45309;F11K
72412;F11P
72413;F11P
72414;F11P
72559;F11P
72560;F11P
62300;F02
62301;F02
62302;F02
45156;Q08
45157;Q08
45158;Q08
45159;Q08
45133;F05T
45134;F05T
45135;F05T
45136;F05T
45181;F05T
45182;F05T
45183;F05T
45184;F05T
19213;Q11
19567;Q11
20222;Q11
19217;Q11
78478;Q11
20223;Q11
32368;Q11
19220;Q11
78479;Q11
19219;Q11
19221;Q11
19222;Q11
20207;S02b
19239;F11M
19234;S02b
19235;F11M
19228;F16
19229;F16
19230;F16
19231;F16
19232;F16
102157;F11M
19256;F11M
19257;F11M
19258;F11M
19269;F11M
19267;F11M
19265;F11M
20174;F11M
19503;F11M
19504;F11M
19506;F11M
19566;F11M
20175;F10A
20176;F11M
19568;F05V
19570;F05V
19571;S03b
19572;S03b
19573;S03b
19574;S03b
19575;S03b
19678;F01
19679;F21
70386;F21
19496;F11M
19498;F11M
19499;F11M
20173;F11M
19502;F11
20172;F05V
20217;F05V
20218;F05V
20213;F05V
45255;F05V
45256;F05V
19284;F05
19549;Q01
19550;Q01
19548;Q01
19292;Q01
19285;F11M
19288;F11M
19289;F11M
19291;F05V
20212;F11M
19473;"Q09 "
19474;Q09
19476;Q09
70370;Q09
19312;F05V
19307;F05V
19321;F05V
70371;F05V
19336;F11N
19337;F11N
19338;F21
19340;F21
19341;F11N
19342;F11N
19350;F05V
19351;F05V
19352;F05V
19378;F02
19374;F02
19375;F02
19379;F02
19507;F05V
19508;F05V
19510;F05V
19511;F05V
19464;S03b
20179;F05K
20204;F19
19466;F19
19404;F19
19467;F19
19406;F19
37563;F11N
62114;F11N
62115;F21
62116;F11N
62117;F11N
62118;F11N
62119;F11N
19520;F11N
19521;F11N
19522;F11N
19524;F11
37583;F11M
62124;F11M
62126;F11M
62127;F11M
19674;S03b
19747;S03b
37576;F05V
62120;F05V
62121;F05V
62122;F05V
62123;F05V
37587;F11M
62129;F11M
62130;F11M
62131;F11M
62132;F11M
62083;F05V
62084;F05V
62085;F05V
62086;F05V
45174;F05V
45176;F05V
45177;F05V
45165;F11N
45166;F11N
45164;F11N
45150;F11M
45151;F11M
45152;F11M
45163;Q09
45104;F02
62313;F02
62314;F02
45837;F05V
45838;F05V
45839;F05V
45840;F05V
45208;F11N
45209;F11N
45210;F11N
45211;F11N
5526;S03b
2579;S03b
2584;S03b
2634;S03b
2635;S03b
2636;S03b
2639;S03b
2641;"F07 "
5572;S03b
2320;S03b
2337;S03b
19736;S03b
5472;S03b
5473;S03b
2341;S03b
5475;S03b
2343;S03b
2345;S03b
2346;S03b
2347;S03b
5480;S03b
2349;S03b
2350;S03b
2351;S03b
2352;S02b
2354;S02b
2353;S02b
2355;S02b
5488;F16
5489;F16
2358;S03b
2359;F11M
5492;F12
2363;F12
2361;F12
2365;F12
78463;S03b
78465;S03b
2367;F16
2368;S02b
2369;S02b
12633;S02b
83228;S03b
83229;S03b
83230;S03b
5503;S03b
5504;S03b
5505;S03b
5506;S03b
5507;S03b
5501;S03b
5508;D1
5509;S03b
5510;S03b
5511;S03b
5512;S03b
5513;F06
5514;F06
5515;F06
2454;S01b
7474;S01a
5968;S01a
2455;S01b
2458;S01b
5521;S01b
5522;S01b
5523;S01b
2463;F17
2588;S02b
5531;S02b
5532;S02b
5533;F16
2595;F16
7471;F16
2597;F16
2598;F16
2599;S02b
2600;S02b
12634;S02b
2603;S01a
2604;S01a
2605;S01a
2611;S03b
2612;S03b
5545;S03b
5546;S03b
5547;F16
2617;F16
5568;S03a
3965;S03a
3967;S03a
5571;S03a
78464;S03a
2627;S03b
5550;S03b
10484;S03b
8238;F12
5564;F09
2664;S03b
2666;S03b
2667;S03b
2669;S03b
70350;F17
2671;F17
70351;F17
2678;F09
8245;S03b
4479;FÜ
4478;FÜ
83082;F01
83083;F01
83231;F01
40714;FÜ
3700;FÜ
40715;FÜ
40716;FÜ
40717;FÜ
40718;FÜ
40719;FÜ
40720;FÜ
40721;FÜ
4497;FÜ
4498;FÜ
4501;FÜ
102138;F12
102147;F12
102150;F12
102153;F12
102139;F12
102140;F12
102141;F12
102142;F12
102143;F12
102145;F12
102146;F12
102148;F12
102149;F12
102151;F12
102152;F12
102154;F12
6950;S04a
6987;S04a
45283;S04a
3349;S04b
3351;Q02
3352;Q02
3353;Q02
3354;Q02
19927;Q02
3355;S04b
3356;S04b
7393;S04b
19928;S04b
78475;S01b
78476;S01b
78477;S01b
3367;F03
7022;S04b
3366;S04b
7033;S04b
19929;F03
12706;Q03
7031;"Q03 "
19923;S04b
7019;Q06
3372;Q06
7437;Q06
19936;Q06
7017;S04b
7018;S04b
3377;S04b
92494;S04b
19931;S04b
70388;S04b
3378;S04b
2697;S04b
12723;S04b
3383;S04b
3384;S04b
6981;S04b
12724;S04b
19937;S04b
3386;F03
7013;F03
19938;F03
37340;S04b
19940;S04b
6978;S04b
3389;S04b
3387;S04b
19935;S04b
87795;Q03
3390;S04b
3391;S04b
19932;S04b
19934;S04b
3392;S04b
3393;S04b
3394;S04b
15480;Q03
19924;Q03
31748;Q03
83233;F01
7006;S04a
78502;S04a
37405;F12
7005;F12
6971;F12
19926;F12
78470;F12
37406;F12
3406;F11E
78497;F11E
78498;F11E
78500;F11E
6966;Q10
6967;Q10
7001;Q10
3414;Q10
6999;Q10
19943;Q10
37338;Q10
19944;S04b
3416;S04a
3417;S04a
6963;S04a
37341;S04a
3422;F18
3420;F18
3421;F18
19941;F18
19942;F18
3423;F18
6960;S04a
3427;S04a
3425;S04a
6959;S04a
97362;S01b
7404;S04a
6957;S04a
3429;S01b
12739;S01b
6991;Z01
6992;Z01
19946;Z01
6956;S04a
37339;F18
6955;F18
6990;F18
6989;F18
19947;F18
19948;F18
6954;F18
6988;S04b
15484;S04b
6952;S04b
92495;S04b
37342;S04b
6985;F19
3452;F19
4537;FÜ
4499;FÜ
4295;FÜ
4541;FÜ
4542;FÜ
4544;FÜ
4545;FÜ
4546;FÜ
4543;FÜ
4547;FÜ
20652;Q03
20653;Q03
20654;Q03
20655;Q03
3359;S01b
7034;S01b
7023;S01b
7035;S01b
19945;F11E
3464;S04b
3465;S04b
3466;S04b
87771;Q01
3468;Q01
3469;Q01
3471;Q01
7495;Q01
7260;Q01
10136;Q01
102178;Q01
92496;S02b
92497;S02b
83089;S02b
3508;S04b
3506;S04b
3507;S04b
3936;S04b
7509;S04b
3513;S02b
7506;S04a
3512;S04a
102160;Q01
102161;Q01
3516;Q01
3515;Q01
20029;Q01
3521;S04b
8535;S04b
3522;S04b
3525;S04b
3523;S04b
3526;F19
83244;S01b
3532;Q01
3533;Q01
3531;Q01
3534;Q01
3535;S01b
102179;Q01
3540;Q01
3538;Q01
102163;Q01
3542;Q01
3545;Q01
3546;Q01
78504;F17
78505;F17
78506;F17
3550;Q01
3551;Q01
3554;S04a
12637;S04a
3556;S04a
3564;Q01
3562;Q01
3565;Q01
102166;Q01
102167;Q01
3568;Q01
3569;Q01
3571;Q01
3572;Q01
45206;Q01
78496;S01b
3578;Q01
3577;S04a
3579;S04a
3582;Q01
3580;S04a
3581;S04a
3583;S04a
3933;"Q02 "
3934;S04a
3938;S04b
3940;S04b
3941;S04b
3937;S04b
3942;Q01
3944;Q01
3943;Q01
3945;Q01
3946;Q01
3948;Q01
3950;Q01
3947;Q01
3951;Q01
5008;Q01
5010;Q01
5011;Q01
5009;Q01
3956;Q01
9034;S02b
9035;S02b
62039;Q01
92498;S02b
92499;S02b
78487;S02b
78492;Q01
78493;Q01
78491;FÜ
84005;Q02
84006;Q02
84007;Q02
3587;S03b
3591;S03b
3588;S03b
3590;S03b
3593;S01b
3594;S01b
3595;S01b
3598;S02b
3596;S02b
3599;S02b
3597;S02b
3602;F11H
3600;F11H
3601;F11H
7076;S02b
7106;S02b
7075;S02b
3608;S01b
3609;S01b
3607;S01b
3610;S01b
3614;S01a
3612;S01a
3613;S01a
3611;S01a
3616;S01a
3615;S01a
3618;S01a
3619;S01a
3617;S01a
3620;F13
3621;F13
3622;F13
3624;F13
3623;F13
4554;FÜ
4555;FÜ
4552;FÜ
4293;FÜ
4556;FÜ
3625;D1
3626;F11H
3628;F11H
3627;F11H
7058;F13
7059;F13
92486;S01b
92485;S01b
3633;S02b
3634;S02b
3636;S02b
92487;S01b
83238;S02b
3642;F11H
3643;F11H
3641;F11H
4513;F11H
20038;F11H
92488;F11H
3646;F11H
3645;F11H
83240;S01b
3650;S01b
92490;S01b
92489;S01b
3653;S02b
3839;S02b
3840;S02b
3841;S02b
3842;S02b
3843;F17
3844;F17
3845;F17
3846;S01b
3847;S01b
3848;S01b
3849;S01b
3850;S01b
97631;Q04
97632;Q04
97633;Q04
3855;Q04
3856;Q04
3857;Q04
3858;Q04
7138;S02b
3859;Q04
3860;Q04
3871;Q04
3862;Q04
3863;Q04
3864;Q04
3865;Q04
3866;Q04
3868;Q04
3869;Q04
3870;Q04
3872;Q04
78482;Q04
99300;Q04
78484;Q04
99301;Q04
78483;Q04
3883;S03b
3884;S03b
3886;S03b
3887;F16
3889;F16
4144;F16
3890;F13
3891;F13
3892;F13
3893;Q04
3894;Q04
3895;Q04
7170;Q04
3897;Q04
3898;Q04
7174;Q04
3906;F16
3907;F16
3908;F16
3909;Q04
3910;Q04
3911;Q04
7182;F16
3914;F16
3977;S02b
4142;S02b
4143;S02b
3918;F13
3919;F13
3920;F13
3921;F13
3922;F13
3923;F13
4505;Q04
4506;Q04
4575;FÜ
4576;FÜ
4511;FÜ
4512;FÜ
4557;FÜ
4558;FÜ
4559;FÜ
4560;FÜ
4561;FÜ
4562;FÜ
4563;FÜ
4564;FÜ
4565;FÜ
4566;FÜ
4567;FÜ
4568;FÜ
3873;Q04
1234;Q04
1235;Q04
99298;Q04
99299;Q04
20148;F11E
15236;F11E
15237;F11E
15164;Q02
15165;Q02
15166;Q02
15312;Q02
15161;Q02
15163;Q02
15205;S01b
15216;S01b
15217;S01b
15785;S01b
15221;S02b
15218;F11M
15219;F11M
15220;F11M
19779;F11M
15044;F11M
15042;F11M
15043;F11M
15041;F11M
37407;S01b
15960;Q04
15961;Q04
15962;Q04
15963;F11H
15364;Q09
15423;Q09
15335;Q09
15371;Q09
45096;Q09
15228;F19
15229;F19
19099;F19
15226;F19
15244;F19
19798;F19
15238;F19
15051;F14
15052;F14
15172;F14
15053;F14
15413;"F02 "
15414;"Q08 "
24015;Q08
15416;Q08
37544;Q08
15412;Q08
15418;Q08
15421;Q08
15419;Q08
15420;Q08
15422;Q08
15058;F16
15059;F16
15060;F16
15061;Q11
15062;Q11
15379;Q08
15382;Q08
15381;Q08
19831;Q08
15383;Q08
15380;Q08
15384;Q08
15376;Q08
15377;Q08
15378;Q08
15063;Q11
15064;Q11
15065;Q11
20069;S01b
20220;S01b
15068;S01b
15173;S01b
15067;S01b
15069;S01b
15365;F13
15366;F13
15368;F13
15187;Q08
15189;Q09
15191;Q09
15193;Q09
15194;Q08
97630;F12
15407;F12
15406;F12
70141;F13
70142;F13
70143;F13
15175;F02
15176;F02
19813;F02
19814;F02
15178;F02
19852;Q08
19845;Q08
19850;F01
15119;Q08
15120;FÜ
19824;F02
19826;F02
15389;F02
15390;F02
19828;F02
19821;F02
19082;F19
19083;F19
19084;F19
19081;F19
15251;F11H
15252;F11H
15397;S04b
15398;S04b
15399;S04b
15451;F11P
70139;F11P
70140;F11P
20155;FÜ
20156;FÜ
20157;FÜ
20158;FÜ
97635;Q08
97636;Q08
97637;Q08
97627;F02
97628;F02
97629;F02
97624;F02
97625;F02
97626;F02
9092;F07
9091;F11M
9093;F07
19079;S03b
15139;S03b
15140;S03b
78490;F07
15362;S02b
15363;S02b
15964;S02b
15261;S02b
15263;S02b
15265;S02b
20134;F11E
20135;F11E
20136;F11E
15177;"F12 "
15309;F12
15310;F12
15611;F07
15612;F07
15609;F07
15608;F07
70381;S04a
15148;S04a
15149;S04a
70387;S04a
15150;S04a
15136;Z01
15190;Z01
15192;Z01
15137;FÜ
15141;S03b
15142;S03b
15144;S03b
15145;S03b
15275;S03b
15276;S03b
15146;S03b
15283;S03b
15278;S03b
15280;S03b
15270;Z01
15293;Z01
15294;Z01
15323;Z01
15324;Z01
15325;Z01
15169;S01b
15170;S01b
15171;S01b
15504;F11E
19080;F11E
15501;F11E
15503;F11
15359;Z01
15361;Z01
15360;Z01
15199;S02b
83245;S01b
83213;S01b
15203;S02b
15319;S02b
15320;S02b
15321;S02b
15597;F07
15598;F07
15599;F07
15350;F07
15349;F07
15600;F07
15601;F07
15602;F07
15606;F07
15618;F07
15352;F07
15354;F07
15619;F07
15356;F07
15620;F07
15281;S03b
15206;S03b
15207;S03b
15326;Z01
15327;Z01
15328;Z01
20006;F12
20007;F12
20008;F12
70354;F12
15471;F12
45289;F12
15470;F12
15966;F12
15968;F12
15245;Q11
15246;Q11
15257;F17
15258;F17
15259;F17
15260;F17
19095;FÜ
19098;FÜ
19097;FÜ
15443;FÜ
19764;FÜ
19765;FÜ
19076;S03b
19078;S03b
15615;F21
15617;F21
15613;F21
97358;F11E
97359;F11E
97360;F11E
97361;F11E
97366;S03b
97367;S03b
15277;S03b
15033;F16
15034;F16
15035;F16
15036;F16
2257;F11K
2294;F11K
2295;S03b
2188;F01
2244;F19
83241;F19
2492;S01b
2497;S01b
2499;S01b
2500;S01b
2501;S01b
7390;S01b
2138;F11K
2143;F11K
2770;F11K
2124;F17
2125;F17
2161;S03b
2162;S03b
2146;F11K
2370;F11K
2400;F11K
2151;S03b
2152;S03b
2154;S03b
2555;S03b
2567;S03b
7369;S03b
2557;S03b
2558;S03b
2559;S03b
2560;S03b
2566;S03b
37421;Q10
2163;Q10
2164;Q10
2166;Q10
37432;S02b
2170;S02b
2573;S02b
2172;F13
2201;S01b
2204;S01b
2205;F11K
2481;S01b
7365;S01b
2195;S01b
2196;S01b
2197;S01b
2198;S01b
7364;S01b
2473;S01a
2476;S01a
2206;S01b
2207;S01b
2208;S01b
2210;S01b
2211;S01b
2212;S01b
2213;S01b
2561;S03b
2563;S03b
2779;S03b
2780;S03b
2227;S01b
2228;S01b
2229;S01b
2231;S01b
2232;S01b
2233;S01b
2234;S01b
2302;F11
2321;F11
2299;F11
2301;F11
2304;F11K
2305;F11K
2306;F11K
2308;F11
2312;F11
2307;F11
2478;S01b
7347;S01b
2479;S01b
20494;S01b
20500;S01b
2482;F11K
2486;F11K
2502;F11K
2503;Z02
2493;F11
2494;F11
2496;F11
2511;F11
2510;F11
2504;S01b
2506;S01b
2507;S01b
2512;S01b
2513;S01b
7403;S01b
7402;S01b
2517;S01b
2518;S01b
2519;S01b
2520;D1
2521;S01b
2522;S01b
2523;S01b
2525;S01b
2528;S01b
7368;S01b
2524;S01b
2526;S01b
2529;S01b
2531;"Q08 "
2544;S02b
2545;S02b
2541;F11
2546;S01b
2644;S01b
2548;S01b
2550;S01b
2648;S01b
2203;S01b
83234;F11K
83236;F11K
83237;F11K
83235;F01
3879;S03b
3880;S03b
3881;S03b
3882;S03b
2252;S03b
2752;S03b
37440;F10B
37497;F10B
37498;F10B
37499;F10B
37500;F10B
1985;S02b
1986;S02b
1987;S02b
15489;S02b
1989;S02b
1990;S02b
1991;S02b
3441;S02b
62243;F19
3333;F19
3334;S01b
3335;S01b
3336;S01b
3337;F19
3338;F19
2006;S04b
2284;Q02
2007;S04b
12749;S04b
1998;S03b
2000;S01b
1999;S01b
2001;S01b
2003;F17
3477;F11M
2072;S01b
2074;S01b
2076;S01b
2764;S01b
3476;S01b
2011;S02b
2013;S02b
2700;S02b
2273;S01b
2274;S01b
2275;S01b
3834;F11M
3835;F16
3836;F11M
3837;F11M
2726;S03b
20037;S03b
3346;F08
3347;F08
24017;F08
3832;F08
2034;S02b
2035;S02b
12692;S02b
2036;S02b
2044;S01b
3972;S01b
83205;S02b
83206;F11E
2046;S01b
2682;F11M
2683;F11M
2059;S01b
2061;S01b
7429;S01b
2253;S03b
2753;S03b
2754;S03b
2756;S03b
2757;S03b
15589;S03b
2755;S03b
2761;S03b
3489;S03b
3494;S03b
2256;S03b
2731;S03b
2733;S03b
2734;S03b
3472;S03b
2261;"Q10 "
2262;Q10
2265;Q10
2267;Q10
62312;S01b
2692;S01b
3345;S01b
3461;S01b
3462;S01b
7362;F11E
7363;F11E
8541;F11E
2280;F11M
2281;F11M
2282;F11M
2283;F16
2279;S03b
2741;S03b
12697;S03b
20039;S03b
2288;F13
2289;F13
2290;F13
2291;F13
20178;F17
2762;F17
2655;F13
7359;F17
3463;F11E
70395;F11E
70396;F11E
70397;F11E
70398;F11E
61991;F11
2709;F11
8601;F11
2713;F11
2714;F11
2704;F11
3959;F11M
3960;F11M
3961;F11M
3962;F11
3480;S03b
3481;S03b
3482;S03b
3483;S03b
3484;S03b
3485;S03b
83086;S02b
83087;S02b
83088;S02b
4700;S01b
4621;S01b
4692;S01b
4610;S01b
4613;S01b
4615;F11P
8878;S01b
4901;F01
4902;F03
4903;F03
4905;F03
4982;"F20 "
6073;F20
4986;S01b
4984;S01b
4626;S03b
4627;S03b
4629;S03b
4631;S03b
4632;S03b
4634;"F16 "
4636;F16
5417;S01b
5418;S01b
5419;S01b
6128;S01b
4643;F17
4891;F17
4646;S01b
4647;S01b
4648;S01b
20026;S01b
4743;F02
5290;F02
5279;F11
87767;S03b
87960;S03b
5404;S03b
5406;S03b
5407;S03b
5408;S03b
5409;S03b
5394;S03b
5427;S03b
5392;F12
5428;S02b
5173;S03b
4685;S02b
4688;S02b
4689;S02b
4673;F11P
20024;F11P
20025;F11P
20205;F11P
20206;F11P
4701;S01b
87792;S02b
87794;S02b
4698;S01b
4699;S01b
4704;S02b
4705;S02a
4706;S02a
5082;S02b
5085;S02b
5086;S02b
5088;S02b
5091;S02b
5093;S02b
4736;S01b
6067;S01b
4737;S01b
4738;S01b
5402;S01b
5295;S01b
5296;S01b
5297;S01b
5298;S01b
8879;F11P
7415;F11P
12751;F11P
7414;F11P
5420;F08A
5421;F08A
6047;S03b
5422;F08
4729;F11P
4733;F11P
4732;F11P
4748;S03b
5274;S03b
5275;S03b
7407;F11P
6106;F11P
6109;F11P
12650;F08
24018;F08
12649;F08
12655;F11
12656;F11
12654;F11
6120;F11P
6122;F11P
6089;Q11
6090;Q11
6094;Q11
12653;F11
12651;F11
12652;F11
10319;FÜ
12671;FÜ
87956;F11P
87957;F11P
87958;F11P
87959;F11P
87770;S03b
5405;S03b
5219;S03b
5220;S03b
5221;S03b
5089;S01b
5094;S01b
5095;S01b
5096;S01b
6071;S01b
19961;S01b
5097;S01b
5098;S01b
5099;S01b
5100;F11N
5361;F11N
19962;S01b
5200;S03b
5223;"Q11 "
5224;Q11
45231;F13
5193;F13
19225;F13
15623;F13
5190;F13
5339;S03b
5343;S03b
5344;S03b
5345;S03b
4895;S02b
4894;S02b
4900;S02b
4912;F11N
4915;S01b
7496;F11N
5876;F11N
4918;F11N
4969;S01b
4967;S01b
4968;S01b
4931;S01b
102188;F11
4926;F11N
4924;F11N
4925;F11N
4927;F11N
4928;F11N
7497;F11N
4929;F11N
5305;F11N
5201;S03b
5202;S03b
45266;F13
45267;F13
45268;F13
4960;F13
4707;S02a
4970;S01b
4972;S01b
5172;S01b
4971;S01b
5331;S02b
5195;S02b
5196;S02b
5197;S02b
5952;S01b
4988;S01b
4989;S01b
4990;S01b
4991;S01b
4992;S01b
4993;S01b
4995;S01b
5034;F17
5037;F17
5039;F17
5211;S03b
5210;S03b
5209;S03b
5205;S03b
5203;S03b
5204;S03b
5208;S03b
5206;S03b
5068;F11N
5069;F11N
5070;F11N
5071;F11N
5072;F11N
5073;F11N
5074;F11
5075;F11
5076;F11N
5349;F11N
5350;F11N
5103;S01b
5105;S01b
5107;S01b
5108;S01b
5153;S01b
5337;F01
5140;F17
5144;F17
5145;F17
37483;S01b
5163;F11N
5396;F11N
5397;F11N
5375;F11
5376;F11
5377;F11
5378;F11
12675;FÜ
88266;Q11
32663;"F16 "
32664;F16
32665;F16
32466;S01b
32467;S01b
32687;S01b
32823;"F08 "
32824;F08
32648;F06
32649;F06
32652;"Q09 "
32653;Q09
37463;F06
37529;F06
37462;F06
32617;F06
32668;F08
32669;F08
32820;F08
32821;F08
32822;F08
37458;F08
32614;"Q11 "
32615;Q11
32482;S03b
32483;S03b
32814;S03b
32951;Q11
32526;Q11
32527;Q11
33505;F08
33498;F08
33499;F03
33500;D1
33496;F08
33497;F08A
46005;F08A
32625;S03b
32626;S03b
32974;F08
32973;F08
32607;F11E
32608;F11E
32609;F11E
32810;F11E
32811;F11E
32710;F05V
32711;F05V
32812;F11E
32681;F05M
32682;F05M
37485;F05M
32715;F02
32716;F02
32831;F02
32832;F02
46153;F02
46154;F02
32718;F02
32721;F02
33891;Q11
33890;Z03
33892;Z03
33893;Z03
33504;F08
45288;F08
32698;F05M
32700;F05M
37486;F05M
32675;F05M
32676;F05M
32857;F05U
32988;F15
32990;F15
32997;F15
33874;F15
46155;F15
32628;S03b
32630;S03b
32631;S03b
32632;S03b
32635;S03b
32637;S03b
32638;S03b
32639;S03b
32640;S03b
32643;S03b
32644;S03b
32645;S03b
32646;S03b
32647;S03b
32712;F04
32713;F04
32695;F04
32699;F04
32701;F04
45291;F04
32705;F04
32707;F04
45292;F04
32876;F08
62156;F08
62157;F08
62158;F08
62159;F08
32930;F08
62160;F08
62161;F08
62162;F08
62163;F08
33907;F04
62152;F04
62153;F04
62154;F04
62155;F04
33906;F08
62164;F08
62165;F08
62166;F08
62167;F08
44076;F08
44077;F08
44078;F08
45140;F16
45141;F16
45142;F16
45123;Q11
45125;Q11
62347;F08
45110;F08
45111;F08
45170;F08
62332;F08
45167;F04
45169;F04
45310;F04
45311;F04
45312;F04
45313;F04
102168;FÜ
102171;FÜ
102172;FÜ
102169;FÜ
102175;FÜ
60608;"F10 "
60609;F10
60610;F10
60555;F10
60607;F10
62244;"F03 "
62246;F03
62247;F03
60562;"Q03 "
60563;Q03
60589;Q03
60650;Q03
60651;Q03
60561;Q03
60545;"Q12 "
60546;Q12
60556;Q03
60558;Q03
60575;Q03
60438;F01
60439;F01
60440;F01
60441;F01
60442;"F01 "
60443;F01
62070;F01
60445;F01
62071;F01
60446;F01
60447;F01
60448;F01
60449;F01
60463;F01
60613;F01
60464;F01
60465;F01
60454;F01
60455;F01
60456;F01
60576;"F02 "
60578;F02
60579;F02
60580;F02
60581;F02
60583;F02
60584;F02
60585;F02
60586;F02
60536;F02
60537;F02
60538;F02
60539;F02
60540;F02
60582;F02
60541;F02
60542;F02
60543;F02
60544;F02
60587;F02
60588;F02
60605;Q09
60606;Q09
60552;"Q08 "
60553;Q08
62069;Q08
60554;Q08
60451;"Q11 "
60452;Q11
60453;F01
60457;Q12
60458;Q12
60572;Q08
60573;Q08
60574;Q08
60569;Q08
60570;Q08
60566;Q08
60567;Q08
60568;Q08
60564;Q12
60565;Q12
60532;F02
60533;F02
60534;F02
62303;F02
62304;F02
60535;F02
37263;Q08
37282;Q08
60798;Q08
60627;Q08
37297;Q08
37267;Q08
37279;Q08
60625;Q08
37287;Q08
60624;Q08
37266;Q08
60799;Q08
60626;Q08
37269;Q08
60800;Q08
60630;Q08
60633;Q08
60801;Q08
60634;Q08
60631;Q08
60632;Q08
37264;Q08
37271;Q08
60797;Q08
62316;Q08
60628;Q08
37273;Q08
60802;Q08
60910;Q08
61984;Q08
60629;Q08
60636;Q08
60911;Q08
60635;Q08
60641;Q08
60912;Q08
60642;Q08
60652;F19
60611;"F19 "
60796;FÜ
60762;FÜ
60643;F01
60648;F01
60644;F01
60645;F01
60647;F01
60646;F01
60649;F01
116181;Q08
116183;Q08
116184;Q08
116186;Q08
116187;Q08
116190;Q08
116191;Q08
116192;Q08
116193;Q08
116195;Q08
116196;Q08
116197;Q08
116198;Q08
70348;FÜ
70349;FÜ
61939;F07
61940;F07
61941;F07
61942;F07
61943;F07
60619;F05
60620;F05
60621;F05
60622;F05
60623;F05
70356;"F12 "
70355;F12
70357;F12
70358;F12
70359;F12
60614;F11
60615;F11
60616;F11
60617;F11
60618;F11
92484;F07
44102;F07
44748;F07
44104;F07
45057;S03b
62057;S03b
44221;S03b
44254;S03b
44171;S03b
44463;F07
44465;F07
44467;F07
44671;F07
45056;F07
45058;F07
44543;F07
44663;F10B
44664;F10B
44665;F10B
62031;F12
62056;F12
44513;Q09
44744;Q09
83227;F12
44554;F07
45069;F07
45070;F01
44565;F19
44566;F19
44569;F19
44684;F07
44686;F07
84008;F07
44687;F07
62324;F07
62320;F07
62321;F07
62322;F07
62323;F07
44364;F12
44361;F12
44362;F12
44360;F12
60424;S03b
60425;F05M
44230;F12
44236;F12
62036;F12
62037;F07
44691;F07
44573;F12
44370;"F20 "
45060;F20
44371;F12
62330;F07
44471;F07
44461;F07
44469;F12
68447;F07
62205;F07
62206;F07
45073;F07
45074;F07
62298;F07
44559;F07
44560;F07
44695;F07
44561;F07
44567;F07
44568;F01
44570;F07
44688;F02
44564;F07
44563;F07
44421;F12
44724;F12
44725;F12
44726;F12
44422;F12
62030;F12
44693;F07
45059;F07
44483;F12
44479;F12
44482;F12
62032;F07
44486;F07
44485;F12
44490;F07
62033;F07
44476;F07
44477;F07
62034;F07
62035;F07
45072;F07
62052;F12
62207;F12
62208;F12
62209;F12
62210;F12
45051;F07
62299;F07
45052;F07
45053;F07
44348;FÜ
44349;FÜ
44350;FÜ
44447;F12
44449;F16
44450;F16
44452;F16
44147;F12
44148;F12
44397;F05K
44400;F05K
44401;F05K
44527;F05K
44533;F05K
62315;F05K
44515;F08A
44517;F08A
44518;F08A
44940;F08
61989;F08
62343;F08
44451;F12
62006;F12
44453;F12
44458;F12
62028;F15
62029;F15
44894;F15
62003;F12
44893;F12
44411;F12
44412;F12
44413;F12
44255;S04a
44256;S04a
44692;S04a
45047;S04a
44258;S04a
45068;F12
44607;F12
60435;S03b
60436;S03b
44611;F12
44745;F12
45055;F12
44932;F12
44415;F12
44501;F12
62007;F12
97355;F12
97356;F12
97357;F12
44386;F12
44388;F12
44389;F12
44390;F12
44387;F12
45048;F12
44669;F12
44433;F12
44435;F12
44436;F12
44437;F12
44666;F12
44228;F01
44229;Q09
70374;Q09
44227;Q09
44696;F12
44697;F12
44698;F12
44701;"Q01 "
44702;Q01
44699;F12
94654;F12
94655;F12
94656;F12
94657;F12
94658;F12
44905;F12
45067;F12
62211;F12
62212;F12
62213;F12
62214;F12
68455;F12
44373;FÜ
44374;FÜ
44375;FÜ
44376;FÜ
44377;FÜ
45065;F12
44590;F12
62215;F12
62216;F12
62217;F12
62218;F12
45265;F12
44599;F12
44600;F12
44601;F12
62219;F12
62220;F12
62221;F12
44896;F12
44897;F12
44898;F12
44681;F12
44683;F12
44682;F12
44750;F12
60427;F20
44316;F20
44524;F20
45049;F11G
44153;F11G
44142;F03
44144;F03
44416;F03
44122;S04b
44123;S04b
44124;S04b
44125;Q03
44126;S02b
44130;S02b
44131;S04b
44132;S02b
44119;F11G
44116;F11G
70385;F11G
44127;F11G
44128;F11G
44901;F11G
44121;Q07
44299;F11G
44303;F11G
62238;F11G
62239;F11G
62240;F11G
62241;F11G
45050;F02
44140;F02
44139;F02
44608;F02
62054;Q13
44708;F02
44711;F02
44709;Q13
62053;Q13
62242;Q13
44496;Q13
44498;Q13
44500;Q13
44499;F20
44493;Q13
62134;Q13
44495;Q13
44673;Q13
44767;Q13
44768;Q13
62338;Q13
44672;F20
44334;F18
44707;F18
44640;F20
44317;F20
44639;F20
44315;F20
44319;F20
44135;F11G
44650;F11G
87804;F02
44271;F02
87803;F01
44429;F02
44431;F02
44314;F20
44636;F20
60426;F20
44280;S04a
44282;S04a
44281;F12
44338;F02
44339;F02
44727;F02
44728;F02
44752;F02
44753;F02
62305;F02
62306;F02
62307;F02
62311;F02
44322;Q13
44323;Q13
44324;Q13
44325;Q13
44631;Q13
44634;Q13
44637;F02
44638;F02
44647;F11G
44749;F11G
62125;F14
44655;FÜ
44656;FÜ
44657;FÜ
62337;F02
60462;F02
62333;F02
62334;F02
62335;F02
62336;F02
115498;F06
115499;F06
44157;FÜ
44159;FÜ
44158;FÜ
45207;FÜ
44167;Q01
62026;Q01
62027;Q01
44168;Q01
44169;Q01
45185;FÜ
62004;FÜ
62005;FÜ
45186;FÜ
44193;FÜ
44194;FÜ
44195;FÜ
44196;FÜ
44182;Q08
44189;Q08
44190;Q08
44178;FÜ
44754;FÜ
44756;FÜ
75125;Q01
75126;Q01
75127;Q01
44202;Q01
44203;Q01
44205;Q01
44206;Q01
44207;Q03
44208;Q03
44209;Q03
44210;Q03
44425;FÜ
44426;FÜ
44427;FÜ
62046;FÜ
44215;FÜ
44378;FÜ
44379;FÜ
44380;FÜ
44381;FÜ
44382;FÜ
44406;Q01
44407;Q01
44409;Q01
44216;S04a
44217;S04a
44219;S04a
44220;FÜ
44761;FÜ
44763;FÜ
44759;FÜ
61998;FÜ
61999;FÜ
62000;FÜ
62001;FÜ
62002;FÜ
44383;FÜ
44384;FÜ
44385;FÜ
44773;FÜ
44774;FÜ
44775;FÜ
44776;FÜ
111113;D1
111114;Q01
15112;FÜ
37439;FÜ
15322;FÜ
15087;FÜ
15078;FÜ
15077;FÜ
15151;FÜ
15208;FÜ
15311;FÜ
45172;Q08
45173;Q08
45171;Q08
15090;F05
15091;F05
15092;F05
15167;F06
15101;FÜ
15102;FÜ
15209;FÜ
15210;FÜ
15211;FÜ
15213;FÜ
15306;FÜ
15108;Q01
15110;Q01
15109;Q01
44341;Z02
44342;Z02
44344;Z02
44347;Z02
62062;F21
44434;F21
62014;"F07 "
62015;F07
44090;Q11
44713;F07
44089;Q11
44712;F07
44547;F07
44096;F07
44652;"F19 "
44730;F19
44651;F19
44654;F11
45294;F10B
45295;F10B
45296;F10B
45297;F10B
45302;F10B
45303;F10B
62087;F07
62008;F07
62058;F21
62059;F21
62088;F21
44276;F07
44277;F07
44278;F07
44777;F19
44778;F19
44779;F19
62060;F21
62061;F21
44786;S04b
44784;S04b
44781;S04b
83381;S04b
44311;Z02
78501;S02b
62089;F19
44879;F20
62090;F20
62091;F20
44310;F16
44330;F16
62009;F07
62013;F07
62223;F07
62224;F07
62225;F07
62016;F07
62092;F16
62093;F16
61995;F21
61996;F21
44174;"Q09 "
44176;Q09
44335;F16
44336;F16
44110;Q12
44627;F21
62020;F07
62226;F21
62227;F21
62228;F21
62229;F21
62066;F21
62063;F21
62064;F21
62065;F21
44283;F07
44287;F07
44645;F07
62021;F07
44633;F07
44629;F07
44528;F07
44534;F07
44442;F06
70360;F06
78494;F06
44720;F06
44646;S03b
83225;S03b
115495;D1
115496;D1
115497;D1
44614;FÜ
44615;FÜ
44616;FÜ
44617;FÜ
44333;F07
68471;F21
62230;F07
62231;F07
62232;F07
62233;F07
